"Isolate","level 1","level 2"
"91-118.fna.ref",1,1
"GCA_019986395.1_ASM1998639v1_genomic.fna",2,8
"GCA_010686965.1_ASM1068696v1_genomic.fna",2,8
"GCA_010686845.1_ASM1068684v1_genomic.fna",3,11
"GCA_019986345.1_ASM1998634v1_genomic.fna",4,14
"GCA_019986515.1_ASM1998651v1_genomic.fna",2,8
"GCA_019986275.1_ASM1998627v1_genomic.fna",4,14
"GCA_019986365.1_ASM1998636v1_genomic.fna",2,8
"GCA_010686975.1_ASM1068697v1_genomic.fna",2,8
"GCA_019986245.1_ASM1998624v1_genomic.fna",2,8
"GCA_019986405.1_ASM1998640v1_genomic.fna",2,9
"GCA_010677265.1_ASM1067726v1_genomic.fna",5,17
"GCA_019986195.1_ASM1998619v1_genomic.fna",4,14
"GCA_010677275.1_ASM1067727v1_genomic.fna",3,11
"GCA_019444145.1_ASM1944414v1_genomic.fna",6,19
"GCA_019986485.1_ASM1998648v1_genomic.fna",2,9
"GCA_019986505.1_ASM1998650v1_genomic.fna",2,8
"GCA_010686825.1_ASM1068682v1_genomic.fna",2,8
"GCA_019986295.1_ASM1998629v1_genomic.fna",4,14
"GCA_019986385.1_ASM1998638v1_genomic.fna",4,14
"GCA_019986445.1_ASM1998644v1_genomic.fna",4,14
"GCA_019986305.1_ASM1998630v1_genomic.fna",4,14
"GCA_019986165.1_ASM1998616v1_genomic.fna",2,9
"GCA_010686885.1_ASM1068688v1_genomic.fna",3,11
"GCA_019986215.1_ASM1998621v1_genomic.fna",4,15
"GCA_019986455.1_ASM1998645v1_genomic.fna",2,8
"GCA_010686895.1_ASM1068689v1_genomic.fna",3,11
"GCA_019986185.1_ASM1998618v1_genomic.fna",4,14
"GCA_010686865.1_ASM1068686v1_genomic.fna",5,18
"GCA_019986265.1_ASM1998626v1_genomic.fna",4,14
"GCA_019986585.1_ASM1998658v1_genomic.fna",2,8
"GCA_019986605.1_ASM1998660v1_genomic.fna",2,9
"GCA_019986675.1_ASM1998667v1_genomic.fna",2,8
"GCA_019986785.1_ASM1998678v1_genomic.fna",2,8
"GCA_019986725.1_ASM1998672v1_genomic.fna",2,9
"GCA_019986825.1_ASM1998682v1_genomic.fna",2,9
"GCA_019986565.1_ASM1998656v1_genomic.fna",2,8
"GCA_019986945.1_ASM1998694v1_genomic.fna",2,8
"GCA_019986905.1_ASM1998690v1_genomic.fna",2,9
"GCA_019986665.1_ASM1998666v1_genomic.fna",2,9
"GCA_019986765.1_ASM1998676v1_genomic.fna",2,8
"GCA_019986925.1_ASM1998692v1_genomic.fna",2,9
"GCA_019986745.1_ASM1998674v1_genomic.fna",2,8
"GCA_019986975.1_ASM1998697v1_genomic.fna",2,8
"GCA_019986625.1_ASM1998662v1_genomic.fna",2,9
"GCA_019986885.1_ASM1998688v1_genomic.fna",2,8
"GCA_019986955.1_ASM1998695v1_genomic.fna",2,8
"GCA_019986705.1_ASM1998670v1_genomic.fna",2,8
"GCA_019987045.1_ASM1998704v1_genomic.fna",7,20
"GCA_019986805.1_ASM1998680v1_genomic.fna",2,8
"GCA_019987085.1_ASM1998708v1_genomic.fna",3,11
"GCA_019986845.1_ASM1998684v1_genomic.fna",2,8
"GCA_019986985.1_ASM1998698v1_genomic.fna",2,9
"GCA_019986855.1_ASM1998685v1_genomic.fna",4,14
"GCA_019987025.1_ASM1998702v1_genomic.fna",7,20
"GCA_019987155.1_ASM1998715v1_genomic.fna",1,2
"GCA_019987105.1_ASM1998710v1_genomic.fna",2,9
"GCA_019987125.1_ASM1998712v1_genomic.fna",4,14
"GCA_019987055.1_ASM1998705v1_genomic.fna",7,20
"GCA_019986645.1_ASM1998664v1_genomic.fna",2,8
"GCA_019987165.1_ASM1998716v1_genomic.fna",1,1
"GCA_019987245.1_ASM1998724v1_genomic.fna",7,20
"GCA_019987205.1_ASM1998720v1_genomic.fna",2,9
"GCA_019987225.1_ASM1998722v1_genomic.fna",7,20
"GCA_019987325.1_ASM1998732v1_genomic.fna",7,20
"GCA_019987365.1_ASM1998736v1_genomic.fna",2,8
"GCA_019987455.1_ASM1998745v1_genomic.fna",7,20
"GCA_019987445.1_ASM1998744v1_genomic.fna",1,2
"GCA_019987265.1_ASM1998726v1_genomic.fna",7,20
"GCA_019987145.1_ASM1998714v1_genomic.fna",7,20
"GCA_019987405.1_ASM1998740v1_genomic.fna",2,8
"GCA_019987305.1_ASM1998730v1_genomic.fna",7,20
"GCA_019987345.1_ASM1998734v1_genomic.fna",7,20
"GCA_019987275.1_ASM1998727v1_genomic.fna",7,20
"GCA_019987425.1_ASM1998742v1_genomic.fna",1,2
"GCA_019987605.1_ASM1998760v1_genomic.fna",2,8
"GCA_019987655.1_ASM1998765v1_genomic.fna",2,9
"GCA_019987385.1_ASM1998738v1_genomic.fna",2,8
"GCA_019987485.1_ASM1998748v1_genomic.fna",2,8
"GCA_019987515.1_ASM1998751v1_genomic.fna",2,8
"GCA_019987505.1_ASM1998750v1_genomic.fna",2,8
"GCA_019987535.1_ASM1998753v1_genomic.fna",1,2
"GCA_019987715.1_ASM1998771v1_genomic.fna",3,11
"GCA_019987705.1_ASM1998770v1_genomic.fna",4,14
"GCA_019987625.1_ASM1998762v1_genomic.fna",2,9
"GCA_019987525.1_ASM1998752v1_genomic.fna",4,15
"GCA_019987685.1_ASM1998768v1_genomic.fna",2,8
"GCA_019987645.1_ASM1998764v1_genomic.fna",2,8
"GCA_019987585.1_ASM1998758v1_genomic.fna",2,9
"GCA_019987765.1_ASM1998776v1_genomic.fna",2,9
"GCA_019987785.1_ASM1998778v1_genomic.fna",2,9
"GCA_019987835.1_ASM1998783v1_genomic.fna",2,9
"GCA_019987825.1_ASM1998782v1_genomic.fna",2,9
"GCA_019987885.1_ASM1998788v1_genomic.fna",2,8
"GCA_019987865.1_ASM1998786v1_genomic.fna",2,8
"GCA_019987795.1_ASM1998779v1_genomic.fna",2,9
"GCA_019987925.1_ASM1998792v1_genomic.fna",2,9
"GCA_019987905.1_ASM1998790v1_genomic.fna",2,8
"GCA_019987965.1_ASM1998796v1_genomic.fna",2,9
"GCA_019987935.1_ASM1998793v1_genomic.fna",2,9
"GCA_019987975.1_ASM1998797v1_genomic.fna",2,9
"GCA_019988085.1_ASM1998808v1_genomic.fna",2,9
"GCA_019988005.1_ASM1998800v1_genomic.fna",2,9
"GCA_019988045.1_ASM1998804v1_genomic.fna",2,9
"GCA_019988125.1_ASM1998812v1_genomic.fna",2,9
"GCA_019988145.1_ASM1998814v1_genomic.fna",4,14
"GCA_019988065.1_ASM1998806v1_genomic.fna",2,9
"GCA_019988025.1_ASM1998802v1_genomic.fna",1,3
"GCA_019987745.1_ASM1998774v1_genomic.fna",2,9
"GCA_019988105.1_ASM1998810v1_genomic.fna",1,2
"GCA_019988185.1_ASM1998818v1_genomic.fna",1,2
"GCA_019988225.1_ASM1998822v1_genomic.fna",1,1
"GCA_019988245.1_ASM1998824v1_genomic.fna",1,2
"GCA_019988165.1_ASM1998816v1_genomic.fna",1,2
"GCA_019988175.1_ASM1998817v1_genomic.fna",1,2
"GCA_019988345.1_ASM1998834v1_genomic.fna",4,14
"GCA_019988375.1_ASM1998837v1_genomic.fna",4,14
"GCA_019988365.1_ASM1998836v1_genomic.fna",4,14
"GCA_019988255.1_ASM1998825v1_genomic.fna",1,2
"GCA_019988275.1_ASM1998827v1_genomic.fna",1,2
"GCA_019988425.1_ASM1998842v1_genomic.fna",1,2
"GCA_019988395.1_ASM1998839v1_genomic.fna",1,2
"GCA_019988445.1_ASM1998844v1_genomic.fna",1,2
"GCA_019988285.1_ASM1998828v1_genomic.fna",4,14
"GCA_019988325.1_ASM1998832v1_genomic.fna",1,2
"GCA_019988535.1_ASM1998853v1_genomic.fna",4,14
"GCA_019988485.1_ASM1998848v1_genomic.fna",7,20
"GCA_019988465.1_ASM1998846v1_genomic.fna",4,14
"GCA_019988585.1_ASM1998858v1_genomic.fna",4,14
"GCA_019988515.1_ASM1998851v1_genomic.fna",4,14
"GCA_019988505.1_ASM1998850v1_genomic.fna",1,2
"GCA_019988565.1_ASM1998856v1_genomic.fna",7,20
"GCA_019988605.1_ASM1998860v1_genomic.fna",7,20
"GCA_019988645.1_ASM1998864v1_genomic.fna",4,14
"GCA_019988615.1_ASM1998861v1_genomic.fna",7,20
"GCA_019988665.1_ASM1998866v1_genomic.fna",7,20
"GCA_019988685.1_ASM1998868v1_genomic.fna",1,2
"GCA_019988745.1_ASM1998874v1_genomic.fna",7,20
"GCA_019988985.1_ASM1998898v1_genomic.fna",2,8
"GCA_019988765.1_ASM1998876v1_genomic.fna",7,20
"GCA_019989075.1_ASM1998907v1_genomic.fna",4,14
"GCA_019988705.1_ASM1998870v1_genomic.fna",7,20
"GCA_019989005.1_ASM1998900v1_genomic.fna",1,2
"GCA_019989095.1_ASM1998909v1_genomic.fna",7,20
"GCA_019988795.1_ASM1998879v1_genomic.fna",7,20
"GCA_019988785.1_ASM1998878v1_genomic.fna",2,9
"GCA_019989115.1_ASM1998911v1_genomic.fna",2,8
"GCA_019989245.1_ASM1998924v1_genomic.fna",7,20
"GCA_019989175.1_ASM1998917v1_genomic.fna",7,20
"GCA_019988905.1_ASM1998890v1_genomic.fna",1,2
"GCA_019988845.1_ASM1998884v1_genomic.fna",2,8
"GCA_019989065.1_ASM1998906v1_genomic.fna",1,2
"GCA_019989025.1_ASM1998902v1_genomic.fna",1,2
"GCA_019989205.1_ASM1998920v1_genomic.fna",7,20
"GCA_019989265.1_ASM1998926v1_genomic.fna",2,8
"GCA_019989225.1_ASM1998922v1_genomic.fna",1,2
"GCA_019988945.1_ASM1998894v1_genomic.fna",1,2
"GCA_019989145.1_ASM1998914v1_genomic.fna",1,2
"GCA_019989305.1_ASM1998930v1_genomic.fna",4,14
"GCA_019989165.1_ASM1998916v1_genomic.fna",7,20
"GCA_019989345.1_ASM1998934v1_genomic.fna",2,8
"GCA_019988725.1_ASM1998872v1_genomic.fna",7,20
"GCA_019989365.1_ASM1998936v1_genomic.fna",2,8
"GCA_019989275.1_ASM1998927v1_genomic.fna",2,8
"GCA_019989315.1_ASM1998931v1_genomic.fna",4,14
"GCA_019989445.1_ASM1998944v1_genomic.fna",4,14
"GCA_019989465.1_ASM1998946v1_genomic.fna",2,9
"GCA_019989485.1_ASM1998948v1_genomic.fna",3,11
"GCA_019989385.1_ASM1998938v1_genomic.fna",2,9
"GCA_019989405.1_ASM1998940v1_genomic.fna",2,9
"GCA_019989515.1_ASM1998951v1_genomic.fna",4,14
"GCA_019989425.1_ASM1998942v1_genomic.fna",2,9
"GCA_019989625.1_ASM1998962v1_genomic.fna",4,14
"GCA_019989545.1_ASM1998954v1_genomic.fna",4,14
"GCA_019989645.1_ASM1998964v1_genomic.fna",2,8
"GCA_019989565.1_ASM1998956v1_genomic.fna",2,9
"GCA_019989605.1_ASM1998960v1_genomic.fna",4,14
"GCA_019989505.1_ASM1998950v1_genomic.fna",2,9
"GCA_019989575.1_ASM1998957v1_genomic.fna",2,9
"GCA_019989745.1_ASM1998974v1_genomic.fna",3,11
"GCA_019989765.1_ASM1998976v1_genomic.fna",4,14
"GCA_019989685.1_ASM1998968v1_genomic.fna",2,9
"GCA_019989705.1_ASM1998970v1_genomic.fna",4,16
"GCA_019989665.1_ASM1998966v1_genomic.fna",3,11
"GCA_019989775.1_ASM1998977v1_genomic.fna",3,11
"GCA_019989845.1_ASM1998984v1_genomic.fna",3,11
"GCA_019989805.1_ASM1998980v1_genomic.fna",1,2
"GCA_019989715.1_ASM1998971v1_genomic.fna",3,11
"GCA_019989865.1_ASM1998986v1_genomic.fna",3,11
"GCA_019989795.1_ASM1998979v1_genomic.fna",4,16
"GCA_019989875.1_ASM1998987v1_genomic.fna",2,9
"GCA_019989925.2_ASM1998992v2_genomic.fna",3,11
"GCA_019989955.1_ASM1998995v1_genomic.fna",4,14
"GCA_019990025.1_ASM1999002v1_genomic.fna",4,14
"GCA_019989985.1_ASM1998998v1_genomic.fna",4,14
"GCA_019989995.1_ASM1998999v1_genomic.fna",4,14
"GCA_019989945.1_ASM1998994v1_genomic.fna",4,14
"GCA_019990085.1_ASM1999008v1_genomic.fna",1,3
"GCA_019990045.1_ASM1999004v1_genomic.fna",4,14
"GCA_019990125.1_ASM1999012v1_genomic.fna",4,16
"GCA_019989895.1_ASM1998989v1_genomic.fna",4,14
"GCA_019990145.1_ASM1999014v1_genomic.fna",2,8
"GCA_019990165.1_ASM1999016v1_genomic.fna",4,14
"GCA_019990095.1_ASM1999009v1_genomic.fna",1,3
"GCA_019990065.1_ASM1999006v1_genomic.fna",4,14
"GCA_019990175.1_ASM1999017v1_genomic.fna",1,2
"GCA_019990225.1_ASM1999022v1_genomic.fna",2,9
"GCA_019990205.1_ASM1999020v1_genomic.fna",2,8
"GCA_019990245.1_ASM1999024v1_genomic.fna",2,9
"GCA_019990275.1_ASM1999027v1_genomic.fna",2,9
"GCA_019990385.1_ASM1999038v1_genomic.fna",4,14
"GCA_019990355.1_ASM1999035v1_genomic.fna",1,2
"GCA_019990425.1_ASM1999042v1_genomic.fna",1,2
"GCA_019990445.1_ASM1999044v1_genomic.fna",2,9
"GCA_019991245.1_ASM1999124v1_genomic.fna",1,3
"GCA_019991215.1_ASM1999121v1_genomic.fna",7,20
"GCA_019990295.1_ASM1999029v1_genomic.fna",4,14
"GCA_019990345.1_ASM1999034v1_genomic.fna",2,9
"GCA_019991185.1_ASM1999118v1_genomic.fna",2,9
"GCA_019990325.1_ASM1999032v1_genomic.fna",2,9
"GCA_019990265.1_ASM1999026v1_genomic.fna",4,14
"GCA_019991265.1_ASM1999126v1_genomic.fna",4,16
"GCA_019991285.1_ASM1999128v1_genomic.fna",1,3
"GCA_019991165.1_ASM1999116v1_genomic.fna",4,14
"GCA_019991325.1_ASM1999132v1_genomic.fna",7,20
"GCA_019990405.1_ASM1999040v1_genomic.fna",4,14
"GCA_019991345.1_ASM1999134v1_genomic.fna",1,2
"GCA_019991205.1_ASM1999120v1_genomic.fna",2,9
"GCA_019991415.1_ASM1999141v1_genomic.fna",2,8
"GCA_019991335.1_ASM1999133v1_genomic.fna",7,20
"GCA_019991405.1_ASM1999140v1_genomic.fna",4,14
"GCA_019991305.1_ASM1999130v1_genomic.fna",7,20
"GCA_019991465.1_ASM1999146v1_genomic.fna",7,20
"GCA_019991425.1_ASM1999142v1_genomic.fna",1,2
"GCA_019991505.1_ASM1999150v1_genomic.fna",2,9
"GCA_019991485.1_ASM1999148v1_genomic.fna",4,14
"GCA_019991525.1_ASM1999152v1_genomic.fna",2,8
"GCA_019991545.1_ASM1999154v1_genomic.fna",7,20
"GCA_019991585.1_ASM1999158v1_genomic.fna",2,9
"GCA_019991555.1_ASM1999155v1_genomic.fna",4,14
"GCA_019991665.1_ASM1999166v1_genomic.fna",2,9
"GCA_019991625.1_ASM1999162v1_genomic.fna",2,8
"GCA_019991635.1_ASM1999163v1_genomic.fna",4,14
"GCA_019991605.1_ASM1999160v1_genomic.fna",2,9
"GCA_019991685.1_ASM1999168v1_genomic.fna",2,9
"GCA_019991805.1_ASM1999180v1_genomic.fna",2,9
"GCA_019991745.1_ASM1999174v1_genomic.fna",2,9
"GCA_019991905.1_ASM1999190v1_genomic.fna",7,20
"GCA_019991845.1_ASM1999184v1_genomic.fna",2,9
"GCA_019991385.1_ASM1999138v1_genomic.fna",2,9
"GCA_019991725.1_ASM1999172v1_genomic.fna",7,20
"GCA_019991695.1_ASM1999169v1_genomic.fna",4,14
"GCA_019991825.1_ASM1999182v1_genomic.fna",2,9
"GCA_019992045.1_ASM1999204v1_genomic.fna",1,1
"GCA_019991985.1_ASM1999198v1_genomic.fna",2,8
"GCA_019991785.1_ASM1999178v1_genomic.fna",2,9
"GCA_019991765.1_ASM1999176v1_genomic.fna",2,9
"GCA_019991945.1_ASM1999194v1_genomic.fna",2,9
"GCA_019991955.1_ASM1999195v1_genomic.fna",2,8
"GCA_019992025.1_ASM1999202v1_genomic.fna",1,1
"GCA_019992065.1_ASM1999206v1_genomic.fna",4,16
"GCA_019992085.1_ASM1999208v1_genomic.fna",2,8
"GCA_019991865.1_ASM1999186v1_genomic.fna",2,9
"GCA_019991875.1_ASM1999187v1_genomic.fna",4,14
"GCA_019991925.1_ASM1999192v1_genomic.fna",2,9
"GCA_019992095.1_ASM1999209v1_genomic.fna",2,9
"GCA_019992125.1_ASM1999212v1_genomic.fna",2,9
"GCA_019992005.1_ASM1999200v1_genomic.fna",4,14
"GCA_019992145.1_ASM1999214v1_genomic.fna",2,9
"GCA_019992165.1_ASM1999216v1_genomic.fna",2,9
"GCA_019992155.1_ASM1999215v1_genomic.fna",2,9
"GCA_019992225.1_ASM1999222v1_genomic.fna",2,8
"GCA_019992235.1_ASM1999223v1_genomic.fna",1,1
"GCA_019992255.1_ASM1999225v1_genomic.fna",2,9
"GCA_019992205.1_ASM1999220v1_genomic.fna",2,9
"GCA_019992295.1_ASM1999229v1_genomic.fna",1,2
"GCA_019992325.1_ASM1999232v1_genomic.fna",2,9
"GCA_019992365.1_ASM1999236v1_genomic.fna",2,9
"GCA_019992285.1_ASM1999228v1_genomic.fna",2,9
"GCA_019992425.1_ASM1999242v1_genomic.fna",2,9
"GCA_019992485.1_ASM1999248v1_genomic.fna",7,20
"GCA_019992445.1_ASM1999244v1_genomic.fna",2,9
"GCA_019992385.1_ASM1999238v1_genomic.fna",2,8
"GCA_019992565.1_ASM1999256v1_genomic.fna",7,20
"GCA_019992455.1_ASM1999245v1_genomic.fna",2,9
"GCA_019992405.1_ASM1999240v1_genomic.fna",4,14
"GCA_019992635.1_ASM1999263v1_genomic.fna",4,14
"GCA_019992585.1_ASM1999258v1_genomic.fna",2,9
"GCA_019992605.1_ASM1999260v1_genomic.fna",2,9
"GCA_019992345.1_ASM1999234v1_genomic.fna",2,9
"GCA_019992525.1_ASM1999252v1_genomic.fna",7,20
"GCA_041643415.1_ASM4164341v1_genomic.fna",1,1
"GCA_041643335.1_ASM4164333v1_genomic.fna",1,1
"GCA_019992495.1_ASM1999249v1_genomic.fna",7,20
"GCA_041643355.1_ASM4164335v1_genomic.fna",1,1
"GCA_041643475.1_ASM4164347v1_genomic.fna",1,1
"GCA_019992665.1_ASM1999266v1_genomic.fna",7,20
"GCA_041643455.1_ASM4164345v1_genomic.fna",1,4
"GCA_041643555.1_ASM4164355v1_genomic.fna",1,1
"GCA_021607385.1_ASM2160738v1_genomic.fna",7,20
"GCA_041643595.1_ASM4164359v1_genomic.fna",1,1
"GCA_021607265.1_ASM2160726v1_genomic.fna",7,20
"GCA_041643375.1_ASM4164337v1_genomic.fna",1,1
"GCA_041643535.1_ASM4164353v1_genomic.fna",1,1
"GCA_041643495.1_ASM4164349v1_genomic.fna",7,20
"GCA_041643515.1_ASM4164351v1_genomic.fna",1,5
"GCA_041643605.1_ASM4164360v1_genomic.fna",1,1
"GCA_041643435.1_ASM4164343v1_genomic.fna",1,3
"GCA_041643575.1_ASM4164357v1_genomic.fna",1,1
"GCA_041643715.1_ASM4164371v1_genomic.fna",1,1
"GCA_041643655.1_ASM4164365v1_genomic.fna",1,1
"GCA_041643635.1_ASM4164363v1_genomic.fna",1,1
"GCA_041643675.1_ASM4164367v1_genomic.fna",1,1
"GCA_041643735.1_ASM4164373v1_genomic.fna",1,1
"GCA_041643855.1_ASM4164385v1_genomic.fna",3,12
"GCA_041643775.1_ASM4164377v1_genomic.fna",1,1
"GCA_041643795.1_ASM4164379v1_genomic.fna",1,1
"GCA_041643695.1_ASM4164369v1_genomic.fna",1,1
"GCA_041643815.1_ASM4164381v1_genomic.fna",1,1
"GCA_041643875.1_ASM4164387v1_genomic.fna",3,12
"GCA_041643755.1_ASM4164375v1_genomic.fna",1,1
"GCA_041643935.1_ASM4164393v1_genomic.fna",8,21
"GCA_041644015.1_ASM4164401v1_genomic.fna",9,23
"GCA_041644035.1_ASM4164403v1_genomic.fna",9,23
"GCA_041643955.1_ASM4164395v1_genomic.fna",8,21
"GCA_041643995.1_ASM4164399v1_genomic.fna",8,21
"GCA_041644115.1_ASM4164411v1_genomic.fna",8,22
"GCA_041644175.1_ASM4164417v1_genomic.fna",7,20
"GCA_041643915.1_ASM4164391v1_genomic.fna",8,21
"GCA_041644095.1_ASM4164409v1_genomic.fna",8,22
"GCA_041644235.1_ASM4164423v1_genomic.fna",8,22
"GCA_041644135.1_ASM4164413v1_genomic.fna",10,27
"GCA_041643895.1_ASM4164389v1_genomic.fna",8,21
"GCA_041644155.1_ASM4164415v1_genomic.fna",10,27
"GCA_041643835.1_ASM4164383v1_genomic.fna",1,1
"GCA_041644245.1_ASM4164424v1_genomic.fna",8,22
"GCA_041644275.1_ASM4164427v1_genomic.fna",7,20
"GCA_041644055.1_ASM4164405v1_genomic.fna",8,22
"GCA_041644295.1_ASM4164429v1_genomic.fna",7,20
"GCA_041643975.1_ASM4164397v1_genomic.fna",8,21
"GCA_041644315.1_ASM4164431v1_genomic.fna",7,20
"GCA_041644335.1_ASM4164433v1_genomic.fna",7,20
"GCA_041644195.1_ASM4164419v1_genomic.fna",7,20
"GCA_041644075.1_ASM4164407v1_genomic.fna",8,21
"GCA_041644205.1_ASM4164420v1_genomic.fna",8,22
"GCA_041644475.1_ASM4164447v1_genomic.fna",7,20
"GCA_041644355.1_ASM4164435v1_genomic.fna",7,20
"GCA_041644375.1_ASM4164437v1_genomic.fna",7,20
"GCA_041644515.1_ASM4164451v1_genomic.fna",7,20
"GCA_041644435.1_ASM4164443v1_genomic.fna",7,20
"GCA_041644415.1_ASM4164441v1_genomic.fna",7,20
"GCA_041644495.1_ASM4164449v1_genomic.fna",8,21
"GCA_041644565.1_ASM4164456v1_genomic.fna",1,6
"GCA_041644595.1_ASM4164459v1_genomic.fna",2,8
"GCA_041644395.1_ASM4164439v1_genomic.fna",7,20
"GCA_041644535.1_ASM4164453v1_genomic.fna",1,1
"GCA_041644555.1_ASM4164455v1_genomic.fna",8,21
"GCA_041646035.1_ASM4164603v1_genomic.fna",10,28
"GCA_041644455.1_ASM4164445v1_genomic.fna",7,20
"GCA_041644675.1_ASM4164467v1_genomic.fna",2,9
"GCA_041646175.1_ASM4164617v1_genomic.fna",1,5
"GCA_041646115.1_ASM4164611v1_genomic.fna",2,9
"GCA_041646295.1_ASM4164629v1_genomic.fna",2,8
"GCA_041646195.1_ASM4164619v1_genomic.fna",7,20
"GCA_041646255.1_ASM4164625v1_genomic.fna",4,14
"GCA_041646235.1_ASM4164623v1_genomic.fna",1,1
"GCA_041646095.1_ASM4164609v1_genomic.fna",10,28
"GCA_041646135.1_ASM4164613v1_genomic.fna",4,14
"GCA_041644615.1_ASM4164461v1_genomic.fna",10,28
"GCA_041646215.1_ASM4164621v1_genomic.fna",2,8
"GCA_041646275.1_ASM4164627v1_genomic.fna",4,14
"GCA_041646155.1_ASM4164615v1_genomic.fna",2,8
"GCA_041646375.1_ASM4164637v1_genomic.fna",10,28
"GCA_041646315.1_ASM4164631v1_genomic.fna",10,28
"GCA_041646395.1_ASM4164639v1_genomic.fna",3,12
"GCA_041646435.1_ASM4164643v1_genomic.fna",7,20
"GCA_041646415.1_ASM4164641v1_genomic.fna",3,12
"GCA_041646455.1_ASM4164645v1_genomic.fna",3,12
"GCA_041646335.1_ASM4164633v1_genomic.fna",1,5
"GCA_041646495.1_ASM4164649v1_genomic.fna",5,18
"GCA_041646475.1_ASM4164647v1_genomic.fna",1,1
"GCA_041646535.1_ASM4164653v1_genomic.fna",4,15
"GCA_041646515.1_ASM4164651v1_genomic.fna",1,1
"GCA_041646355.1_ASM4164635v1_genomic.fna",10,28
"GCA_041646635.1_ASM4164663v1_genomic.fna",3,13
"GCA_041646555.1_ASM4164655v1_genomic.fna",5,18
"GCA_041646585.1_ASM4164658v1_genomic.fna",3,13
"GCA_041646675.1_ASM4164667v1_genomic.fna",3,13
"GCA_041646735.1_ASM4164673v1_genomic.fna",4,15
"GCA_041646705.1_ASM4164670v1_genomic.fna",1,4
"GCA_041646655.1_ASM4164665v1_genomic.fna",3,13
"GCA_041646695.1_ASM4164669v1_genomic.fna",3,13
"GCA_041646575.1_ASM4164657v1_genomic.fna",1,1
"GCA_041646755.1_ASM4164675v1_genomic.fna",1,1
"GCA_041646605.1_ASM4164660v1_genomic.fna",1,1
"GCA_041646775.1_ASM4164677v1_genomic.fna",1,7
"GCA_041646795.1_ASM4164679v1_genomic.fna",1,4
"GCA_041646915.1_ASM4164691v1_genomic.fna",1,6
"GCA_041646975.1_ASM4164697v1_genomic.fna",1,6
"GCA_041646815.1_ASM4164681v1_genomic.fna",9,24
"GCA_041646955.1_ASM4164695v1_genomic.fna",1,4
"GCA_041646855.1_ASM4164685v1_genomic.fna",1,4
"GCA_041646935.1_ASM4164693v1_genomic.fna",1,4
"GCA_041646835.1_ASM4164683v1_genomic.fna",1,7
"GCA_041647015.1_ASM4164701v1_genomic.fna",1,6
"GCA_041646995.1_ASM4164699v1_genomic.fna",1,6
"GCA_041647075.1_ASM4164707v1_genomic.fna",1,6
"GCA_041647095.1_ASM4164709v1_genomic.fna",1,6
"GCA_041647055.1_ASM4164705v1_genomic.fna",1,6
"GCA_041646875.1_ASM4164687v1_genomic.fna",9,24
"GCA_041647155.1_ASM4164715v1_genomic.fna",1,5
"GCA_041647115.1_ASM4164711v1_genomic.fna",1,6
"GCA_041647235.1_ASM4164723v1_genomic.fna",8,21
"GCA_041647255.1_ASM4164725v1_genomic.fna",8,21
"GCA_041647175.1_ASM4164717v1_genomic.fna",8,21
"GCA_041646895.1_ASM4164689v1_genomic.fna",1,4
"GCA_041647195.1_ASM4164719v1_genomic.fna",8,21
"GCA_041647215.1_ASM4164721v1_genomic.fna",8,21
"GCA_041647275.1_ASM4164727v1_genomic.fna",9,25
"GCA_041647295.1_ASM4164729v1_genomic.fna",7,20
"GCA_041647035.1_ASM4164703v1_genomic.fna",4,14
"GCA_041647335.1_ASM4164733v1_genomic.fna",7,20
"GCA_041647375.1_ASM4164737v1_genomic.fna",9,25
"GCA_041647315.1_ASM4164731v1_genomic.fna",7,20
"GCA_041647135.1_ASM4164713v1_genomic.fna",1,5
"GCA_041647355.1_ASM4164735v1_genomic.fna",5,18
"GCA_041647395.1_ASM4164739v1_genomic.fna",7,20
"GCA_041647435.1_ASM4164743v1_genomic.fna",9,25
"GCA_041647415.1_ASM4164741v1_genomic.fna",1,5
"GCA_041647475.1_ASM4164747v1_genomic.fna",10,28
"GCA_041647615.1_ASM4164761v1_genomic.fna",1,3
"GCA_041647495.1_ASM4164749v1_genomic.fna",10,28
"GCA_041647575.1_ASM4164757v1_genomic.fna",1,1
"GCA_042263665.1_ASM4226366v1_genomic.fna",2,10
"GCA_041647635.1_ASM4164763v1_genomic.fna",1,1
"GCF_000192045.2_ASM19204v3_genomic.fna",1,1
"GCA_041647555.1_ASM4164755v1_genomic.fna",1,4
"GCA_041647455.1_ASM4164745v1_genomic.fna",1,5
"GCA_041647595.1_ASM4164759v1_genomic.fna",2,10
"GCA_041647525.1_ASM4164752v1_genomic.fna",5,18
"GCF_001009385.1_ASM100938v1_genomic.fna",2,10
"GCA_042263725.1_ASM4226372v1_genomic.fna",2,8
"GCA_042477975.1_ASM4247797v1_genomic.fna",8,22
"GCA_041647515.1_ASM4164751v1_genomic.fna",1,4
"GCF_000800665.1_ASM80066v1_genomic.fna",8,21
"GCF_001009405.1_v1_genomic.fna",2,8
"GCA_041647655.1_ASM4164765v1_genomic.fna",1,1
"GCF_001009465.1_v1_genomic.fna",1,2
"GCF_001009545.1_ASM100954v1_genomic.fna",7,20
"GCF_001009475.1_v1_genomic.fna",2,9
"GCF_001009395.1_v1_genomic.fna",2,9
"GCF_001009795.1_v1_genomic.fna",7,20
"GCF_001009665.1_v1_genomic.fna",1,2
"GCF_001009365.1_v1_genomic.fna",1,1
"GCF_001009765.1_v1_genomic.fna",1,2
"GCF_001009705.1_ASM100970v1_genomic.fna",1,1
"GCF_001009445.1_v1_genomic.fna",1,2
"GCF_001009685.1_v1_genomic.fna",2,9
"GCF_001009675.1_v1_genomic.fna",2,10
"GCF_001009825.1_ASM100982v1_genomic.fna",7,20
"GCF_001009855.1_ASM100985v1_genomic.fna",7,20
"GCF_001009845.1_ASM100984v1_genomic.fna",7,20
"GCF_001009885.1_ASM100988v1_genomic.fna",7,20
"GCF_001009865.1_ASM100986v1_genomic.fna",7,20
"GCF_001009925.1_ASM100992v1_genomic.fna",2,9
"GCF_001009945.1_ASM100994v1_genomic.fna",2,9
"GCF_001009935.1_ASM100993v1_genomic.fna",2,9
"GCF_001010005.1_ASM101000v1_genomic.fna",7,20
"GCF_001010025.2_ASM101002v2_genomic.fna",2,8
"GCF_001976075.1_ASM197607v1_genomic.fna",1,1
"GCF_001010015.1_ASM101001v1_genomic.fna",7,20
"GCF_001010085.1_ASM101008v1_genomic.fna",2,8
"GCF_001009955.1_ASM100995v1_genomic.fna",2,9
"GCF_003992975.1_ASM399297v1_genomic.fna",1,6
"GCF_001908855.1_ASM190885v1_genomic.fna",1,1
"GCF_001010105.1_ASM101010v1_genomic.fna",2,9
"GCF_001010035.1_ASM101003v1_genomic.fna",7,20
"GCF_003993025.1_ASM399302v1_genomic.fna",1,6
"GCF_003136155.1_ASM313615v1_genomic.fna",10,28
"GCF_003993015.1_ASM399301v1_genomic.fna",1,6
"GCF_003993035.1_ASM399303v1_genomic.fna",1,6
"GCF_003993055.1_ASM399305v1_genomic.fna",1,6
"GCF_003993115.1_ASM399311v1_genomic.fna",1,6
"GCF_003993105.1_ASM399310v1_genomic.fna",1,6
"GCF_003993135.1_ASM399313v1_genomic.fna",1,6
"GCF_003993095.1_ASM399309v1_genomic.fna",4,14
"GCF_003993535.1_ASM399353v1_genomic.fna",5,18
"GCF_003993575.1_ASM399357v1_genomic.fna",1,6
"GCF_004102085.1_ASM410208v1_genomic.fna",4,14
"GCF_004102075.1_ASM410207v1_genomic.fna",4,14
"GCF_004102095.1_ASM410209v1_genomic.fna",2,8
"GCF_004102065.1_ASM410206v1_genomic.fna",4,16
"GCF_004102215.1_ASM410221v1_genomic.fna",4,14
"GCF_004102205.1_ASM410220v1_genomic.fna",2,9
"GCF_004102165.1_ASM410216v1_genomic.fna",2,9
"GCF_004102225.1_ASM410222v1_genomic.fna",2,9
"GCF_004102175.1_ASM410217v1_genomic.fna",4,14
"GCF_004102275.1_ASM410227v1_genomic.fna",2,9
"GCF_004102235.1_ASM410223v1_genomic.fna",2,9
"GCF_004102305.1_ASM410230v1_genomic.fna",2,9
"GCF_004102325.1_ASM410232v1_genomic.fna",2,9
"GCF_004102315.1_ASM410231v1_genomic.fna",2,9
"GCF_004102345.1_ASM410234v1_genomic.fna",4,14
"GCF_004102335.1_ASM410233v1_genomic.fna",2,8
"GCF_004102405.1_ASM410240v1_genomic.fna",4,14
"GCF_004102455.1_ASM410245v1_genomic.fna",2,8
"GCF_004102415.1_ASM410241v1_genomic.fna",4,14
"GCF_004102535.1_ASM410253v1_genomic.fna",2,9
"GCF_004102525.1_ASM410252v1_genomic.fna",4,14
"GCF_004102435.1_ASM410243v1_genomic.fna",4,14
"GCF_004102505.1_ASM410250v1_genomic.fna",2,9
"GCF_004102515.1_ASM410251v1_genomic.fna",2,9
"GCF_004102425.1_ASM410242v1_genomic.fna",2,9
"GCF_006979535.1_ASM697953v1_genomic.fna",2,9
"GCF_006979645.1_ASM697964v1_genomic.fna",4,16
"GCF_006979625.1_ASM697962v1_genomic.fna",2,9
"GCF_006979525.1_ASM697952v1_genomic.fna",2,9
"GCF_006979725.1_ASM697972v1_genomic.fna",2,9
"GCF_006979735.1_ASM697973v1_genomic.fna",4,16
"GCF_006979635.1_ASM697963v1_genomic.fna",2,8
"GCF_006979565.1_ASM697956v1_genomic.fna",2,9
"GCF_006979675.1_ASM697967v1_genomic.fna",4,16
"GCF_006979715.1_ASM697971v1_genomic.fna",2,9
"GCF_006979555.1_ASM697955v1_genomic.fna",2,8
"GCF_006979545.1_ASM697954v1_genomic.fna",2,9
"GCF_006979875.1_ASM697987v1_genomic.fna",4,14
"GCF_006979805.1_ASM697980v1_genomic.fna",2,9
"GCF_006979785.1_ASM697978v1_genomic.fna",4,16
"GCF_006979835.1_ASM697983v1_genomic.fna",2,9
"GCF_006979655.1_ASM697965v1_genomic.fna",4,16
"GCF_006979815.1_ASM697981v1_genomic.fna",2,8
"GCF_006979895.1_ASM697989v1_genomic.fna",2,8
"GCF_006979975.1_ASM697997v1_genomic.fna",2,8
"GCF_006979955.1_ASM697995v1_genomic.fna",2,9
"GCF_006979855.1_ASM697985v1_genomic.fna",2,9
"GCF_006979985.1_ASM697998v1_genomic.fna",2,9
"GCF_006980045.1_ASM698004v1_genomic.fna",4,14
"GCF_006979965.1_ASM697996v1_genomic.fna",2,9
"GCF_006980085.1_ASM698008v1_genomic.fna",2,9
"GCF_006979915.1_ASM697991v1_genomic.fna",2,9
"GCF_006979945.1_ASM697994v1_genomic.fna",2,9
"GCF_006980165.1_ASM698016v1_genomic.fna",4,14
"GCF_006980095.1_ASM698009v1_genomic.fna",2,9
"GCF_006980215.1_ASM698021v1_genomic.fna",2,9
"GCF_006980175.1_ASM698017v1_genomic.fna",2,9
"GCF_006980115.1_ASM698011v1_genomic.fna",2,9
"GCF_006980075.1_ASM698007v1_genomic.fna",2,9
"GCF_006980225.1_ASM698022v1_genomic.fna",2,9
"GCF_006980245.1_ASM698024v1_genomic.fna",2,9
"GCF_006980375.1_ASM698037v1_genomic.fna",2,9
"GCF_006980275.1_ASM698027v1_genomic.fna",2,9
"GCF_006980305.1_ASM698030v1_genomic.fna",2,9
"GCF_006980195.1_ASM698019v1_genomic.fna",2,9
"GCF_006980505.1_ASM698050v1_genomic.fna",2,9
"GCF_006980385.1_ASM698038v1_genomic.fna",2,9
"GCF_006980285.1_ASM698028v1_genomic.fna",2,9
"GCF_006980575.1_ASM698057v1_genomic.fna",2,9
"GCF_006980395.1_ASM698039v1_genomic.fna",2,9
"GCF_006980405.1_ASM698040v1_genomic.fna",2,9
"GCF_006980475.1_ASM698047v1_genomic.fna",2,9
"GCF_006980495.1_ASM698049v1_genomic.fna",2,9
"GCF_006980525.1_ASM698052v1_genomic.fna",2,9
"GCF_006980585.1_ASM698058v1_genomic.fna",2,9
"GCF_006980315.1_ASM698031v1_genomic.fna",2,9
"GCF_006980365.1_ASM698036v1_genomic.fna",2,9
"GCF_006980615.1_ASM698061v1_genomic.fna",2,9
"GCF_006980565.2_ASM698056v2_genomic.fna",2,9
"GCF_006980625.1_ASM698062v1_genomic.fna",2,9
"GCF_006980465.1_ASM698046v1_genomic.fna",2,8
"GCF_007713955.1_ASM771395v1_genomic.fna",4,15
"GCF_006980655.1_ASM698065v1_genomic.fna",2,9
"GCF_006980665.1_ASM698066v1_genomic.fna",2,9
"GCF_007713965.1_ASM771396v1_genomic.fna",3,11
"GCF_007714045.1_ASM771404v1_genomic.fna",5,18
"GCF_007714105.1_ASM771410v1_genomic.fna",5,18
"GCF_007714075.1_ASM771407v1_genomic.fna",2,8
"GCF_007714065.1_ASM771406v1_genomic.fna",5,18
"GCF_013112235.1_ASM1311223v1_genomic.fna",1,1
"GCF_007714115.1_ASM771411v1_genomic.fna",5,18
"GCF_020879555.1_ASM2087955v1_genomic.fna",1,1
"GCF_020879675.1_ASM2087967v1_genomic.fna",4,15
"GCF_007713985.1_ASM771398v1_genomic.fna",3,11
"GCF_009733635.1_ASM973363v1_genomic.fna",2,8
"GCF_009733625.1_ASM973362v1_genomic.fna",2,8
"GCF_020879715.1_ASM2087971v1_genomic.fna",1,1
"GCF_020879295.1_ASM2087929v1_genomic.fna",4,15
"GCF_020879955.1_ASM2087995v1_genomic.fna",1,1
"GCF_020880335.1_ASM2088033v1_genomic.fna",4,15
"GCF_020881595.1_ASM2088159v1_genomic.fna",1,1
"GCF_020879735.1_ASM2087973v1_genomic.fna",4,15
"GCF_020879695.1_ASM2087969v1_genomic.fna",4,15
"GCF_020880155.1_ASM2088015v1_genomic.fna",4,15
"GCF_021607285.1_ASM2160728v1_genomic.fna",2,9
"GCF_021607345.1_ASM2160734v1_genomic.fna",1,3
"GCF_021607365.1_ASM2160736v1_genomic.fna",7,20
"GCF_021607395.1_ASM2160739v1_genomic.fna",7,20
"GCF_021607425.1_ASM2160742v1_genomic.fna",1,1
"GCF_021607485.1_ASM2160748v1_genomic.fna",4,15
"GCF_021607325.1_ASM2160732v1_genomic.fna",7,20
"GCF_021607525.1_ASM2160752v1_genomic.fna",2,8
"GCF_021607305.1_ASM2160730v1_genomic.fna",7,20
"GCF_021607545.1_ASM2160754v1_genomic.fna",7,20
"GCF_021607495.1_ASM2160749v1_genomic.fna",7,20
"GCF_021607415.1_ASM2160741v1_genomic.fna",2,10
"GCF_021607465.1_ASM2160746v1_genomic.fna",7,20
"GCF_021607645.1_ASM2160764v1_genomic.fna",7,20
"GCF_021607605.1_ASM2160760v1_genomic.fna",7,20
"GCF_021607705.1_ASM2160770v1_genomic.fna",7,20
"GCF_021607745.1_ASM2160774v1_genomic.fna",7,20
"GCF_021607575.1_ASM2160757v1_genomic.fna",7,20
"GCF_021607655.1_ASM2160765v1_genomic.fna",7,20
"GCF_021607685.1_ASM2160768v1_genomic.fna",7,20
"GCF_021607625.1_ASM2160762v1_genomic.fna",7,20
"GCF_021607775.1_ASM2160777v1_genomic.fna",7,20
"GCF_021607565.1_ASM2160756v1_genomic.fna",7,20
"GCF_021607725.1_ASM2160772v1_genomic.fna",7,20
"GCF_021607805.1_ASM2160780v1_genomic.fna",7,20
"GCF_021607815.1_ASM2160781v1_genomic.fna",7,20
"GCF_021607895.1_ASM2160789v1_genomic.fna",7,20
"GCF_021607925.1_ASM2160792v1_genomic.fna",7,20
"GCF_021607845.1_ASM2160784v1_genomic.fna",7,20
"GCF_021607985.1_ASM2160798v1_genomic.fna",4,15
"GCF_021607885.1_ASM2160788v1_genomic.fna",7,20
"GCF_021607955.1_ASM2160795v1_genomic.fna",7,20
"GCF_021607765.1_ASM2160776v1_genomic.fna",7,20
"GCF_021608005.1_ASM2160800v1_genomic.fna",7,20
"GCF_021608055.1_ASM2160805v1_genomic.fna",7,20
"GCF_021607945.1_ASM2160794v1_genomic.fna",4,15
"GCF_021607865.1_ASM2160786v1_genomic.fna",7,20
"GCF_028598865.1_ASM2859886v1_genomic.fna",5,18
"GCF_028598875.1_ASM2859887v1_genomic.fna",5,18
"GCF_028599575.1_ASM2859957v1_genomic.fna",4,15
"GCF_028599615.1_ASM2859961v1_genomic.fna",5,18
"GCF_021608025.1_ASM2160802v1_genomic.fna",7,20
"GCF_028010245.1_ASM2801024v1_genomic.fna",7,20
"GCF_031770505.1_ASM3177050v1_genomic.fna",5,18
"GCF_031770545.1_ASM3177054v1_genomic.fna",5,18
"GCF_031770305.1_ASM3177030v1_genomic.fna",5,18
"GCF_028599515.1_ASM2859951v1_genomic.fna",5,18
"GCF_031770375.1_ASM3177037v1_genomic.fna",5,18
"GCF_031770585.1_ASM3177058v1_genomic.fna",5,18
"GCF_031770415.1_ASM3177041v1_genomic.fna",5,18
"GCF_031770625.1_ASM3177062v1_genomic.fna",5,18
"GCF_028599525.1_ASM2859952v1_genomic.fna",5,18
"GCF_031770785.1_ASM3177078v1_genomic.fna",5,18
"GCF_031770665.1_ASM3177066v1_genomic.fna",5,18
"GCF_031770705.1_ASM3177070v1_genomic.fna",5,18
"GCF_031771145.1_ASM3177114v1_genomic.fna",5,18
"GCF_031770905.1_ASM3177090v1_genomic.fna",5,18
"GCF_031770985.1_ASM3177098v1_genomic.fna",5,18
"GCF_031770885.1_ASM3177088v1_genomic.fna",5,18
"GCF_031770845.1_ASM3177084v1_genomic.fna",5,18
"GCF_031771005.1_ASM3177100v1_genomic.fna",5,18
"GCF_031770805.1_ASM3177080v1_genomic.fna",5,18
"GCF_031771165.1_ASM3177116v1_genomic.fna",5,18
"GCF_031771065.1_ASM3177106v1_genomic.fna",5,18
"GCF_031771325.1_ASM3177132v1_genomic.fna",5,18
"GCF_031771265.1_ASM3177126v1_genomic.fna",5,18
"GCF_031771085.1_ASM3177108v1_genomic.fna",5,18
"GCF_031771445.1_ASM3177144v1_genomic.fna",5,18
"GCF_031771465.1_ASM3177146v1_genomic.fna",5,18
"GCF_031771305.1_ASM3177130v1_genomic.fna",5,18
"GCF_031771565.1_ASM3177156v1_genomic.fna",5,18
"GCF_031771625.1_ASM3177162v1_genomic.fna",5,18
"GCF_031771725.1_ASM3177172v1_genomic.fna",5,18
"GCF_031771365.1_ASM3177136v1_genomic.fna",5,18
"GCF_031771655.1_ASM3177165v1_genomic.fna",5,18
"GCF_031771745.1_ASM3177174v1_genomic.fna",5,18
"GCF_031771805.1_ASM3177180v1_genomic.fna",5,18
"GCF_037095835.1_ASM3709583v1_genomic.fna",2,8
"GCF_031771505.1_ASM3177150v1_genomic.fna",5,18
"GCF_039780965.1_ASM3978096v1_genomic.fna",1,6
"GCF_039780945.1_ASM3978094v1_genomic.fna",1,5
"GCF_031771525.1_ASM3177152v1_genomic.fna",5,18
"GCF_031771685.1_ASM3177168v1_genomic.fna",5,18
"GCF_039781205.1_ASM3978120v1_genomic.fna",1,6
"GCF_039781265.1_ASM3978126v1_genomic.fna",1,6
"GCF_039781325.1_ASM3978132v1_genomic.fna",1,6
"GCF_039781425.1_ASM3978142v1_genomic.fna",1,6
"GCF_039781405.1_ASM3978140v1_genomic.fna",1,6
"GCF_039781285.1_ASM3978128v1_genomic.fna",1,6
"GCF_039781445.1_ASM3978144v1_genomic.fna",9,25
"GCF_040056165.1_ASM4005616v1_genomic.fna",1,1
"GCF_040056195.1_ASM4005619v1_genomic.fna",1,6
"GCF_040056505.1_ASM4005650v1_genomic.fna",10,29
"GCF_040056415.1_ASM4005641v1_genomic.fna",10,29
"GCF_039781245.1_ASM3978124v1_genomic.fna",10,29
"GCF_040056945.1_ASM4005694v1_genomic.fna",1,6
"GCF_040202535.2_ASM4020253v2_genomic.fna",1,5
"GCF_040056705.1_ASM4005670v1_genomic.fna",1,6
"GCF_039781005.1_ASM3978100v1_genomic.fna",10,29
"GCF_040056545.1_ASM4005654v1_genomic.fna",10,29
"GCF_041538245.1_ASM4153824v1_genomic.fna",8,21
"GCF_041538265.1_ASM4153826v1_genomic.fna",5,18
"GCF_040056435.1_ASM4005643v1_genomic.fna",10,29
"GCF_041538305.1_ASM4153830v1_genomic.fna",5,18
"GCF_041538285.1_ASM4153828v1_genomic.fna",4,15
"GCF_040056485.1_ASM4005648v1_genomic.fna",10,29
"GCF_042646765.1_ASM4264676v1_genomic.fna",1,1
"GCF_041538205.1_ASM4153820v1_genomic.fna",1,4
"GCF_040056555.1_ASM4005655v1_genomic.fna",10,29
"GCF_048854675.1_ASM4885467v1_genomic.fna",9,26
"GCF_048854685.1_ASM4885468v1_genomic.fna",9,26
"GCF_048854695.1_ASM4885469v1_genomic.fna",9,26
"GCF_048854835.1_ASM4885483v1_genomic.fna",9,26
"GCF_048854965.1_ASM4885496v1_genomic.fna",9,26
"GCF_042647405.1_ASM4264740v1_genomic.fna",1,1
"GCF_048854845.1_ASM4885484v1_genomic.fna",9,26
"GCF_041538405.1_ASM4153840v1_genomic.fna",4,14
"GCF_048854825.1_ASM4885482v1_genomic.fna",9,26
"GCF_048855025.1_ASM4885502v1_genomic.fna",1,6
"GCF_048855065.1_ASM4885506v1_genomic.fna",9,26
"GCF_048855045.1_ASM4885504v1_genomic.fna",1,6
"GCF_048854855.1_ASM4885485v1_genomic.fna",9,26
"GCF_048854665.1_ASM4885466v1_genomic.fna",9,26
"GCF_048855225.1_ASM4885522v1_genomic.fna",9,26
"GCF_048854645.1_ASM4885464v1_genomic.fna",9,26
"GCF_048855345.1_ASM4885534v1_genomic.fna",1,6
"GCF_048855125.1_ASM4885512v1_genomic.fna",9,26
"GCF_048855145.1_ASM4885514v1_genomic.fna",9,26
"GCF_048855245.1_ASM4885524v1_genomic.fna",9,26
"GCF_048855325.1_ASM4885532v1_genomic.fna",1,1
"GCF_048855705.1_ASM4885570v1_genomic.fna",1,6
"GCF_048855505.1_ASM4885550v1_genomic.fna",1,1
"GCF_048855525.1_ASM4885552v1_genomic.fna",1,6
"GCF_048855625.1_ASM4885562v1_genomic.fna",1,6
"GCF_048855405.1_ASM4885540v1_genomic.fna",1,6
"GCF_048855305.1_ASM4885530v1_genomic.fna",1,6
"GCF_048855465.1_ASM4885546v1_genomic.fna",1,6
"GCF_048855665.1_ASM4885566v1_genomic.fna",1,6
"GCF_048855545.1_ASM4885554v1_genomic.fna",1,6
"GCF_048855685.1_ASM4885568v1_genomic.fna",1,6
